D_lvot,D_an,D_sinus,D_stj,AVA,angle,ratio_lvot_over_an_area,H_sinus
26.74797045,25.55221425,33.93078782,28.57055445,60.43451812,14.56648966,1.095783077,26.5
25.27643987,23.85046024,32.39001647,26.97717236,61.22796191,21.29491046,1.123151343,28
28.15984833,26.88917423,32.77060773,27.91957397,130.9381896,29.30728234,1.096745074,26.5
23.8934035,24.38223697,31.44264614,29.83978,60.31113914,14.42197121,0.960304445,24.5
21.32030188,21.8641039,28.1653432,26.04655268,32.82009472,11.59103758,0.950874792,24
20.19837177,21.66597996,28.5712294,27.58385709,41.20391903,4.726114503,0.869112605,19.5
19.74470806,21.21165711,31.16391726,25.86917704,56.31123895,15.68649546,0.86646742,28
23.7352257,24.96673005,36.04576173,33.49433197,65.00304053,36.67168871,0.903781403,27
19.59311433,21.74978593,29.38973458,27.55565942,46.57615974,30.28543141,0.811515785,25
24.49388565,24.66077275,32.95326605,32.16170435,85.65868705,23.42234763,0.986511176,23
27.57459078,25.17456754,33.07522712,27.00586801,77.32402872,55.56103162,1.19975927,24.5
27.07775074,25.56110909,30.72390628,27.21085897,64.36160768,23.23271123,1.122188424,23.5
18.66853792,20.36021093,28.51111901,25.88486008,29.84407334,23.06980226,0.840729075,21.5
26.67227641,25.86335435,30.77785755,26.83114637,65.64365747,38.52900112,1.063531766,26
25.33549621,26.36959188,35.94395469,32.43989588,68.60884458,20.38492345,0.923106933,31.5
20.06829664,23.08174647,33.23981251,29.58640777,70.87058225,9.820563673,0.755933672,24.5
25.51674655,25.4491579,32.90475026,30.84428805,47.4490784,23.05777303,1.005318714,23
21.01030962,21.31629485,26.30067495,23.9075689,42.26970948,13.16839327,0.971497008,22
28.06966976,27.35884212,32.71552275,29.9892814,46.95077283,33.70275887,1.05263833,23.5
20.58898344,21.42412284,30.47355966,28.48949579,61.37751797,17.67474918,0.92355701,20.5
21.66284606,22.50718034,30.16395435,29.60922353,37.34063205,19.27460188,0.926379307,20
24.44173452,25.32881503,30.90781456,29.71691914,87.45864241,29.93440624,0.931181416,18.5
18.35305883,19.12613277,26.19590127,25.07702603,34.04892765,10.86526917,0.920794212,21
22.64496321,22.75542612,29.07281987,25.51753353,39.39660974,21.56637361,0.990314856,23.5
23.50936427,23.01982258,30.84399256,26.13504936,53.29517745,41.32421726,1.042984433,25.5
25.6720772,26.12094821,35.17547036,27.78825945,87.74248536,23.15296929,0.96592664,29.5
21.38071979,22.52869429,31.86987513,28.12012936,81.97535177,31.35845329,0.900684316,25.5
24.0081052,23.79384083,31.21485878,27.30628797,49.68319057,3.714630884,1.018091161,31.5
27.61184698,26.36726621,31.5081378,28.21958941,72.25332733,6.230613544,1.096631478,25
23.43980633,24.04787697,34.66143397,28.88507671,64.19473937,46.92802927,0.950067704,25
18.45866173,20.82079568,32.00345209,27.76670892,68.74270396,19.38215188,0.785969652,27.5
22.1502461,21.90085484,27.18539809,25.93960665,54.82718017,22.18823651,1.022904238,21.5
31.75113256,29.35048343,35.19734365,32.84418915,102.4759986,26.04520336,1.170274992,24.5
24.24337354,25.22864044,35.26303005,31.76932938,67.46969285,24.74198173,0.923418161,30
30.1118144,30.08793823,37.87475836,36.51497919,136.0331558,18.79479942,1.001587722,24
22.30267925,21.93609813,28.9895912,25.27233272,41.21696257,30.38516774,1.033701905,20.5
24.95517447,25.60089898,33.09726257,27.28722247,104.6616049,49.61318453,0.95019073,26
21.73628352,22.56826,26.95153643,23.81746964,60.85779744,31.60107862,0.927629235,23.5
20.53863175,22.97519905,33.21352845,30.41879912,40.95731151,5.031793693,0.79914291,25
22.56339692,24.09678597,31.52037155,29.47928193,58.62474013,18.4321757,0.876780184,22.5
20.40360682,22.13334616,29.11522367,27.88138944,68.08784968,29.87209346,0.849805895,20
20.76548675,23.72026027,34.93435564,32.21563186,76.76401453,28.69056551,0.766382062,25
21.40411775,21.30165209,27.09413246,23.64924922,56.58334632,20.63897694,1.00964358,22
23.32447124,23.60142101,31.76573342,25.51000049,39.93254275,17.72849922,0.976668791,27.5
18.4795861,20.81257728,31.66555771,30.3313166,61.99181628,11.13532151,0.788374834,23
23.14714383,22.93974514,28.19740296,25.59220263,94.93687312,17.82024615,1.01816378,21.5
23.44908486,24.42599133,31.47749304,28.13048384,87.3744019,31.67896027,0.921610469,23
26.24670274,26.80052169,36.01915609,33.68084346,110.2171582,24.56960184,0.959098053,27.5
24.33827493,25.17723364,32.75922305,29.91364198,67.36014051,33.67964974,0.934466131,23.5
26.11169848,26.24810492,32.09173981,29.49271637,39.1070082,36.1493705,0.989633384,23
26.16385355,26.62352837,35.17974754,32.24609711,80.34927005,27.3002927,0.965766633,25.5
20.43395872,21.7335906,30.32965069,25.71321175,36.47345989,25.62952169,0.883979227,26.5
26.55029789,25.63423312,29.80448182,27.34564648,55.57960154,25.63407469,1.072749047,19.5
27.93861749,27.66950101,38.60764116,35.09142597,73.69050613,35.96822371,1.019546807,33.5
18.09864601,19.78841546,26.98072574,25.47814467,44.0424267,41.27064112,0.836508064,21
27.47701233,27.1273169,37.04793209,32.15158465,86.43060458,42.05308427,1.025947969,29.5
20.72182967,22.95430881,33.55429479,32.40509754,50.52111533,34.66415708,0.814943986,22.5
21.36278792,21.15678541,27.57200814,25.44432983,43.38684698,11.5438281,1.019568703,21.5
26.17568002,26.5814641,36.72112884,32.46347331,26.11327287,24.56980858,0.969701684,28.5
29.73003002,27.45981045,35.12736015,31.02236111,77.34171004,31.60061594,1.172183559,30
22.41385142,24.00918569,31.26520392,27.10695933,50.83043124,23.02612522,0.871521522,24.5
28.24241537,27.45973789,34.14053513,30.44878923,100.9039331,24.42041449,1.057817864,24
22.51184414,24.51202667,32.77314228,30.89605221,72.67865531,33.14701565,0.843458474,23
24.0658506,23.68961085,34.13062605,27.58713371,80.37835917,59.21941857,1.032016353,28.5
23.77884812,24.15041518,31.86487909,28.40744947,59.69373752,22.40855763,0.969465644,27.5
20.12281038,20.23483458,25.14352108,24.3048728,46.10083901,20.48108654,0.988958239,21.5
22.55843703,23.19105007,31.07120909,27.45755444,46.75480588,24.84430146,0.946187454,27
27.11244529,27.41012493,36.46192327,32.24332827,56.63041847,31.96074226,0.97839753,25.5
22.28746261,22.45022881,28.95498172,28.21240449,46.41134037,25.75778664,0.985552382,19.5
17.61656298,19.16971493,27.83100973,25.53904276,41.65622498,21.46940826,0.844522165,21.5
28.60538612,26.74341772,35.22765086,30.77528686,111.0524526,37.24898153,1.144094277,22.5
22.43507049,25.01691988,34.57222314,32.910367,60.93415324,5.990587702,0.804242837,25
25.83593955,26.88162456,38.84700122,36.36510655,59.823368,39.80322269,0.923713938,26
23.26412226,24.53361851,32.82398174,30.95752689,46.03248198,37.61747547,0.899187223,23
29.45251517,27.34901917,33.71478247,30.78636678,55.92811065,22.75962245,1.159741679,24.5
20.13276627,21.57089926,29.09959098,27.21123436,56.19832903,9.58758128,0.87110479,21
29.55114273,25.80046096,31.62784762,28.61739373,58.83120282,30.4232719,1.311878542,22
21.25506354,22.85828978,32.62029764,31.21064066,91.07957508,15.00094116,0.86464403,23
22.61398747,22.75026838,29.10587691,26.35084751,48.60779591,23.96712344,0.988055285,27.5
25.66584032,26.29187733,36.52260233,31.37818223,41.64228293,31.37884949,0.952944881,32
20.26236714,21.07957951,27.25102915,25.64903559,40.9951246,16.63351936,0.923967028,22
29.26610425,26.01725106,33.24012204,31.1438847,63.66107547,35.15173224,1.265339353,22.5
22.349987,21.60037957,28.70241859,27.13775478,23.94222895,28.43801361,1.070611205,25
23.794735,25.69025878,34.65348774,29.0994798,63.66963451,22.21240637,0.857876531,27
20.60679556,22.45824374,32.9664248,30.16544895,55.38277968,28.65258014,0.841917124,25.5
24.21488387,23.50756686,28.61009272,26.48261056,48.61886279,25.80545533,1.061083157,20.5
24.95383595,25.42375993,33.15435158,28.28094087,95.8219309,28.93782872,0.963374338,29
19.59037492,21.57765113,28.79820291,25.19643089,48.42527463,5.733748505,0.824284552,25
28.44205277,28.25432937,36.56476168,31.5669012,92.38132734,38.92029029,1.01333226,25
31.2946934,28.84770453,35.06253643,30.65552361,61.33630792,44.3537678,1.176843952,32
21.9724682,22.37086483,29.51117756,26.03481424,64.30370504,25.45516847,0.964699697,24.5
32.46388342,30.08680946,38.31996623,32.2507454,114.02706,43.08546696,1.164256493,26
24.41474678,24.90981447,33.829537,31.75943146,51.83391682,23.01866995,0.960646186,22.5
18.11735597,20.10348296,27.93496336,24.64187525,43.4221115,18.41963199,0.812170148,22.5
22.9188782,22.81837619,30.6147535,27.76946928,41.60771054,7.190176478,1.008828265,25
18.11676281,20.95010186,29.75485099,27.47924579,41.12644574,29.77953363,0.747805954,23
22.16662218,23.26848561,34.86878194,29.74660846,44.6145454,32.24635072,0.907533782,28.5
23.60376789,23.55581542,29.5665517,27.81648159,33.57801244,25.75669019,1.004075535,22.5
24.73473351,24.39350801,30.14665923,28.15589906,82.76448313,30.83623592,1.028172422,22
22.6096655,24.08850794,33.02622729,29.99414758,41.17987671,39.07632233,0.880984918,23
22.10985499,24.45243707,34.42782737,30.46101768,73.10331905,23.47434138,0.817574785,29
25.30560154,25.92980538,33.05346952,31.1768047,74.23614101,15.00724338,0.952433838,24
31.48964661,31.00309984,38.38381077,34.11489846,110.6139178,22.05354668,1.031633262,30.5
22.15835657,24.86143822,37.36252141,32.80308319,53.1776574,33.8403427,0.794369564,30
26.01799134,25.7902467,35.63151193,30.87104287,90.93695082,32.11027456,1.017739281,29
22.95160611,24.48760251,33.59349166,30.52141951,85.02998408,33.14786379,0.878483543,23.5
26.15593602,25.7800208,33.30307995,29.37495959,53.17934827,29.11040695,1.029375923,28.5
25.12151071,26.68039559,36.9147239,33.57233277,77.5328102,22.49350149,0.886557639,30
21.75380012,23.04233291,31.35310402,27.32554608,51.21604897,39.35307156,0.891286593,24.5
27.1457576,25.57828212,30.21520641,27.29310416,46.63811284,27.33502828,1.126318421,21.5
25.0149844,26.14698718,35.58634454,30.85837068,89.70205135,28.67949499,0.915286728,26.5
21.91158154,22.68862252,28.41759065,25.11119709,53.62851607,17.87345493,0.932676837,20.5
23.62901196,24.1797389,30.13990097,27.5715578,52.75893217,37.03506263,0.954966002,23.5
23.43456756,26.05465071,37.73331139,33.82103031,79.70087919,30.10721256,0.808990417,30
25.34126667,26.45430442,34.32709793,31.51363238,58.75326467,34.5198508,0.917622269,27
23.6448643,24.78233671,32.2599302,29.507898,78.51732594,20.58232279,0.910309647,25
25.28268706,26.88734916,35.35775184,32.07800315,52.88546114,18.43823446,0.884199947,23.5
19.32723754,20.44548061,28.85504337,27.9867781,47.90829673,27.11558045,0.893603623,20.5
22.74065551,25.96642791,37.03312335,30.12839387,103.5980969,35.35627192,0.766975584,30
26.40601388,25.68514476,34.72045182,30.46891027,76.16498431,24.5776495,1.056918887,28
25.45053898,25.16340578,37.37102834,32.16313338,93.83098831,26.94353944,1.022951695,31.5
19.6716108,22.10046091,32.15461024,28.14493597,44.3180938,22.86743379,0.792277248,24
19.1195141,20.45716419,27.18096272,24.43456931,36.64557606,38.05359117,0.87349986,20.5
17.77773322,20.76053513,30.15016362,27.5341305,29.94184132,27.60503335,0.733289864,24
20.09054028,24.15344273,39.49005522,33.15800254,62.45480526,21.58261794,0.691871033,32.5
20.17827602,21.11807778,28.72841538,24.872518,55.52153867,45.86526301,0.91297597,24
21.49779378,21.78586686,28.1826103,26.41924964,33.43804003,32.65293023,0.973728977,21
18.18644415,21.57935313,31.93739374,27.91555192,99.94028022,28.23280362,0.710262266,25.5
19.51114495,22.68794104,30.16487647,26.73570122,65.17337396,29.21452241,0.739563282,23
23.73035368,24.50668681,32.68677999,28.67681958,53.53838729,35.37546211,0.937646682,23
24.61852425,25.07143736,35.61047198,30.010312,72.08965583,37.66042577,0.964196532,29
18.49665532,21.49703405,30.41697785,27.45797062,24.92926378,29.18577143,0.740336768,21
25.50623292,24.54438454,28.03975629,26.8884478,46.24686616,30.58554366,1.079911956,19.5
22.74284139,23.08619215,30.46286269,27.59237404,56.46653921,10.90535384,0.970476075,27.5
23.03117215,23.62033491,29.02943605,26.54033284,41.15095554,23.28223728,0.950736092,22.5
27.07310705,25.66830176,32.59084735,27.97703,73.98028703,38.12572385,1.112453658,23
20.49637359,23.07318136,32.9656325,30.2395037,99.95494772,8.54291358,0.789112817,25
21.37615347,23.17366907,31.96016838,28.40527008,38.27508526,14.58165124,0.850882352,26
25.50724806,24.81113202,31.99677439,28.81982161,83.47062935,40.01913063,1.056900376,23.5
25.24231946,24.13098681,27.37419829,23.3619492,65.96360841,11.51577982,1.094229333,20.5
28.15371221,26.99730338,33.15140237,29.12533204,50.63842401,28.06398424,1.087503241,29.5
26.40858199,25.91834216,36.51493312,35.27814097,80.99579553,30.72684499,1.038187337,24
23.30840317,25.10134971,33.36361256,30.59028884,95.13793051,35.49833343,0.862245417,27
29.32591169,26.81043668,34.86552823,32.67016553,79.20986997,35.72362559,1.196451971,24.5
20.09172916,22.3529842,32.59758546,27.8726457,40.52589183,30.7390981,0.807911162,26.5
21.2301739,21.90434408,29.51010558,26.95837953,75.65108106,22.44432757,0.939391438,23
23.69304731,25.64009496,36.18483236,32.6144367,63.02922799,11.67394922,0.853891293,27
22.03022335,22.95019818,29.11347511,25.9319694,51.40495794,25.57875996,0.921435457,20
22.58585368,24.3341191,33.0634061,31.08203373,61.03978819,21.79018421,0.861473182,24
25.17767289,26.09729898,35.19439007,32.08707907,65.199819,16.30475275,0.930765016,28
20.7801941,21.31387748,28.96953289,24.19566974,50.67061815,20.35456727,0.950548476,26.5
27.67498367,26.75404016,33.23612284,31.70491714,66.95187527,30.83468509,1.070030107,19.5
23.90194048,24.26817482,34.14926447,31.68376577,65.61727946,21.95318174,0.970045469,23.5
30.6792192,30.14787282,39.24067792,34.82799759,91.27125389,31.10737663,1.035559973,30
19.55765436,21.13844518,31.2324143,26.7643765,43.13277395,31.90253589,0.856026981,28
20.81523332,22.62189991,32.74880839,29.25425722,96.5679835,27.29208514,0.846650976,26.5
22.07227606,22.68314107,28.86844153,26.22616233,62.98376921,23.84627275,0.946864536,23
19.88812788,19.98297142,24.84162578,22.03055406,39.30394264,33.54956897,0.990530091,22
22.73255723,23.89969384,33.45525885,30.51299189,70.10296319,13.33926933,0.90471525,26.5
23.46053386,23.86484364,30.83177083,25.99844134,58.7198507,30.58211947,0.966403723,24
30.86882162,29.12948157,36.78843803,33.05989622,75.87538851,39.09475021,1.122986645,25.5
23.23611115,24.84006311,32.78933686,29.04154675,65.54267769,15.96024663,0.875027094,23
31.4828414,29.80220982,39.01626497,34.52960325,111.5206614,40.0554223,1.115965855,31.5
21.81655048,22.15145348,31.62717662,27.16610006,44.69759799,32.6679194,0.969991014,27
24.44102377,25.64355358,35.24165986,30.3577656,46.20059803,11.87969851,0.908410972,32
29.06578725,29.71923316,38.1127229,35.31381641,116.4662123,28.03282546,0.956508827,23
19.61900298,22.17153725,30.6216596,30.19135086,50.16539779,28.41611748,0.783000888,20
24.30603334,23.35727299,29.61344095,27.47368323,66.71477714,36.29816709,1.082888908,22.5
28.2378221,27.76819669,34.93613695,32.9853914,103.6079364,31.41195578,1.034110723,25
19.95440622,20.88219297,29.45657898,22.76235356,50.1439134,39.33355264,0.913114856,25.5
22.6362696,24.12961231,32.70361105,31.37091602,75.71823354,21.45569812,0.880053404,24
20.23368335,20.53401446,27.13006799,25.84567188,38.24921397,35.55448204,0.970961861,21
31.19761054,29.23007754,41.49607685,36.9301069,86.35840797,29.02440167,1.139154761,31.5
20.4710924,21.75099138,30.24024168,24.28525884,58.52184201,20.54636157,0.885776032,26.5
27.73733517,28.09007788,37.56841072,34.20685782,75.36208082,47.21005181,0.975042582,26.5
24.06549861,24.50568296,31.02374547,26.66860665,46.4672231,48.38681688,0.96439757,23.5
22.18293267,24.08300358,32.17373639,29.89147066,79.67807982,33.58974273,0.848431182,23
23.82365792,24.19375911,31.03669846,26.48944016,55.67259417,30.67191253,0.969639244,25.5
29.50095145,29.26359173,39.98743142,33.45403851,113.6851306,35.80689021,1.016287976,30.5
20.78096041,20.86520636,26.70232419,22.85398983,30.52884903,38.11720144,0.991941045,23
25.66860072,25.41256456,34.45648602,29.7362737,72.89220865,26.64952201,1.020251869,24
25.57043227,24.79870176,31.46104638,28.65741685,43.40570036,21.02032006,1.063208031,22.5
21.77139865,21.76080116,27.29937034,24.99473606,59.83169991,24.35460529,1.000974235,24.5
20.86022648,21.7714637,28.53527672,25.61805578,46.3692307,11.35248418,0.918042492,23
21.74222741,23.85836175,34.27380032,28.51221931,82.82730724,23.96725944,0.830475509,27.5
27.02257187,25.95980085,32.25993763,29.88019725,102.043539,29.96899507,1.083554221,28.5
21.3418838,22.73825334,31.34715912,28.62277373,48.86541617,49.32306516,0.880950081,24.5
18.20418205,21.17451069,30.78683464,27.90971621,82.83108936,20.4700355,0.739121054,24.5
24.30717447,24.16853267,30.95792687,27.8012823,51.8453891,33.22995814,1.011505825,23
24.29611516,24.97205324,33.57475157,32.17424917,86.19174947,24.57417086,0.946597102,24
29.26402827,28.59781774,36.27162714,31.37422971,63.46803654,34.03630944,1.047134401,26
22.9495565,23.0915465,35.0844809,30.36134934,67.7754093,30.10451873,0.987739804,30.5
23.90258065,24.39983725,32.35063928,31.47030786,64.37011818,36.20769611,0.959656315,22.5
21.49756351,22.44877797,28.150384,27.4234462,32.11501634,21.71484571,0.91705012,21
27.24915944,26.83581231,32.77978246,29.5067231,86.41544377,32.72994182,1.031042883,25
28.1840846,28.58352105,35.59672502,31.22918005,69.78285488,36.37607119,0.97224656,25.5
22.97191118,24.09583206,31.77481975,27.38631757,44.36098585,16.31526355,0.908888068,25.5
28.39022135,27.18443122,37.58641518,32.99791448,60.99997914,17.28147039,1.090679263,30
25.20024059,24.89264822,32.57138394,28.57874243,63.50581848,24.01833533,1.0248662,24
30.12842155,28.50744766,36.69063902,29.90192768,29.17661281,21.3939938,1.116956056,26
28.63929636,26.56265192,36.06450641,32.93659487,58.92512763,26.06489317,1.16247019,25.5
29.13411735,27.88431497,36.05267165,32.25467756,95.88694,31.62981231,1.091650885,24
28.0910336,28.24624759,36.3639612,28.31584,92.66536529,24.86021959,0.989040134,32.5
32.7103345,30.49653114,33.6832985,30.92654359,88.97554658,18.89746295,1.15045354,23
18.77227735,21.67497774,31.80138742,29.45590423,54.7567886,29.65733535,0.750095575,25
22.73173504,23.78500808,31.04690308,27.29125879,83.88558,25.65813752,0.913394861,21.5
23.6923278,24.51294986,33.62732468,30.38737187,44.9780947,22.5257188,0.934166549,26
24.65970602,26.91481185,38.65753366,34.46813335,112.7642812,28.52579322,0.839446636,32.5
22.08838181,22.84792592,29.02402047,26.65070355,52.09266582,18.03042369,0.934618208,24
25.38280168,23.28639484,30.43133297,27.45588461,40.27922635,24.7148088,1.188159101,25
26.00616336,25.50028858,33.77738849,31.06785419,63.23645636,52.50187551,1.040069551,27.5
17.93711471,20.25048873,29.90449181,28.68627968,32.13180796,35.10817574,0.784574436,21
23.93764462,25.1065345,34.76665205,30.51087054,59.778454,22.99231766,0.909053178,28.5
24.46761083,24.56945538,33.43110954,30.49187457,69.93632505,34.30660638,0.991726844,25
18.77954431,20.85725797,29.5061753,27.58865231,36.40519386,16.97586789,0.810691603,21
24.70609597,23.70010325,31.07673598,27.94840299,76.84316901,32.63212729,1.086695258,26.5
29.57129689,28.04077086,33.50211916,30.13066562,96.64062396,35.07857753,1.112143546,25
28.13265231,27.21788139,34.36734754,30.05663377,61.22591223,18.05498228,1.068347956,31
24.13857028,26.18670602,33.22367332,32.54502012,97.59175102,16.32503952,0.849691632,19.5
24.52510226,25.43761351,33.10692244,29.83433162,55.07036413,31.82029811,0.929541801,27
26.47391287,25.64427408,32.71176683,27.54187805,62.97280344,42.22514357,1.065750268,26.5
22.04073627,23.1692821,34.23388108,30.12306857,31.57958694,17.68237204,0.90495512,28.5
31.20768111,29.46067696,40.84924129,35.01559125,62.46772437,39.10396539,1.122115484,31
21.81611242,22.16789103,30.60105215,28.20476427,46.79542119,25.77837893,0.968514149,24.5
28.26683305,27.56482018,37.85315241,33.70858019,82.53560911,32.1372029,1.051584026,27.5
29.47570049,30.33188851,38.90546919,34.61086308,90.17025069,24.30213727,0.944342135,30
24.41839572,25.62928203,35.03207638,30.28375933,55.72352384,31.29963467,0.907739794,28
27.67909964,27.87962387,37.18265347,35.13175783,74.84963514,39.68798099,0.985666729,25
19.98280285,21.69408157,29.83617927,27.65734695,51.06769611,21.64967586,0.848457845,21
23.58172444,24.06508551,28.42429858,25.7174921,73.20104556,23.05610265,0.960232281,25.5
26.3073636,26.41018547,32.72092908,28.04175269,79.55611074,42.60381969,0.992228627,23.5
20.74642285,21.64837251,27.36102687,25.22458199,43.96911555,8.519882742,0.918408608,20.5
23.7049948,23.36966104,29.99188369,27.69251887,56.98107992,20.42600337,1.02890411,27
23.70278113,23.37837423,32.30113993,30.77985536,51.5195637,36.41867477,1.027945287,24
16.68448912,20.66625663,30.86046905,27.92706078,41.48723359,30.93826159,0.651781741,24.5
23.09842529,24.88118085,32.01785725,29.26093598,79.06165359,35.83062159,0.861832308,22
30.00497011,28.46991585,36.07047052,31.1238859,67.05490716,30.05410791,1.110744138,25.5
23.89376857,24.43582981,33.48465339,29.69378044,73.78997383,44.2547935,0.956125987,27.5
27.49094129,27.282946,34.21876723,30.8923778,81.83183838,30.78233795,1.015305395,26
30.22490435,29.64601282,35.82992811,33.10622357,122.7956084,40.16276323,1.03943488,22
21.42619307,23.2473827,32.09210653,29.04951125,51.10301224,18.71877016,0.849457975,27.5
28.95552096,27.47526646,36.83360354,28.49894811,83.96662934,36.3302291,1.110654397,29.5
25.21982654,25.67942313,34.03701935,33.48012602,57.61206124,13.65580296,0.964525388,24.5
23.65250923,23.49896217,28.54721152,27.52641099,42.35725442,10.10870834,1.013111108,20
24.29490523,25.22041031,34.23004086,30.07538581,38.39207712,23.0535066,0.927953305,29
22.86413176,23.02371598,31.32782939,30.15332226,53.53152161,14.648052,0.986185448,23
26.30737413,26.68474266,36.83951241,30.32126285,89.81843063,29.43928522,0.971916521,33
30.72723471,28.98501616,35.28317234,33.65470194,74.57969276,27.01540791,1.123828035,25
22.01972961,22.56339713,32.58897319,29.85249954,73.96144421,28.69764731,0.952390355,27
23.49610628,23.8343776,29.85454955,27.68452238,66.56924419,16.64525891,0.971816268,23.5
20.29682736,22.92420999,32.95917615,28.7123827,47.85777838,24.6717438,0.783912446,28.5
21.59508817,22.43294152,28.19453675,27.38885337,52.01475037,36.73597517,0.926696483,20.5
24.39025358,24.04869074,29.20515782,26.73847779,72.11965504,35.7454296,1.028607665,28.5
22.10210488,22.51898072,29.96826595,26.66150342,56.67711646,25.34629877,0.963318304,23
20.14097901,20.24114189,27.78953513,25.4375759,44.86026639,38.33621243,0.990127527,21
22.62748728,22.76768254,30.07390432,28.88398077,39.84263218,13.87025859,0.987722631,22
27.5483327,27.32642744,33.97294874,31.40584652,112.5881891,30.13530795,1.016307017,25
28.26219729,27.46696324,38.44111497,36.56937738,44.33340327,42.22533464,1.058743007,24.5
26.79120583,25.64211054,31.00715327,27.99677368,64.5754692,17.85428398,1.091633829,23.5
27.36115458,26.96907993,35.88364526,34.39951862,67.71650977,20.15109094,1.029287215,25
27.09638216,25.6868624,31.46460189,26.77275912,62.17813251,36.57964777,1.112757421,24.5
23.31920379,25.71309793,38.94357969,37.64599891,100.8767552,7.228330535,0.822467277,24.5
21.87442337,22.61350777,29.51433589,25.99866145,68.55633034,29.79027238,0.935701569,23.5
24.77306326,25.910041,35.24902316,33.7120301,56.21210476,28.77104101,0.914162122,25
22.40600781,23.44586923,33.03868199,30.25830521,62.73638648,23.13205175,0.913263897,26
28.70009287,28.3995678,37.79335111,32.62760303,104.8327964,18.60867345,1.021276039,29.5
29.04452634,27.82388496,36.35771294,34.16721756,91.49405245,10.82671322,1.089665143,25
31.10669497,29.11191135,36.00224683,32.35866995,107.3981498,28.0520131,1.141737593,26.5
20.60029751,22.30613569,30.99735825,28.25363483,78.8918871,41.13472905,0.852900376,26.5
22.00163505,22.16460139,25.95596499,24.46079165,28.1953333,8.164730171,0.985348961,22
18.58232846,20.33805956,30.35329466,29.68639377,21.07720478,28.65742799,0.834797683,20
27.08491929,27.45471505,35.10433086,30.31843006,76.23104642,28.83860673,0.973242825,28.5
23.53762422,22.75342129,29.48068997,27.94447016,42.75400366,33.99881146,1.070118405,21
27.04964362,26.9665316,34.77042471,32.68064701,82.16336373,25.95112228,1.006173586,23.5
21.11413849,23.26398011,34.77946977,29.88417713,61.198908,30.5500911,0.823718265,28
32.22434939,30.00240845,41.15767362,32.11427391,107.000285,32.96453349,1.153602204,30.5
21.21098449,21.09331174,29.43204593,28.03034376,59.06993871,20.5989346,1.011188473,21.5
16.82426032,19.43293457,27.3809936,25.50429259,30.3347715,17.93635694,0.749540635,20.5
24.05175484,24.00185262,31.05839641,26.81736541,67.80972715,41.47669226,1.00416252,25.5
21.62060408,24.15899884,34.92437289,29.43732315,60.40340724,34.94653032,0.800899056,32
21.10433312,22.92356799,32.15372381,31.58655617,40.77289924,18.16338617,0.847576362,20
26.11783698,26.34683982,32.74472889,29.67377699,65.06860068,37.19064231,0.982691844,22
28.99903092,27.61750554,36.64966908,28.33214365,73.10608231,12.46054595,1.102549433,33.5
30.90072646,28.4227892,34.76281138,31.24893003,42.85188382,22.82141918,1.181963298,27.5
24.83938726,24.2851598,31.09321048,26.64239107,65.78509656,37.37909884,1.046164131,24
28.76040622,26.94749772,33.39427184,30.13852135,65.68425795,34.87366073,1.13907716,29
24.44596049,24.86154151,32.60666887,27.83136822,51.05147524,20.65861151,0.966847781,27.5
20.45397938,21.2678711,27.62694732,25.70036376,55.96428944,22.23194418,0.924927279,21.5
24.80081831,24.00138122,30.98360128,27.94075685,50.18385834,26.27567214,1.067725344,25.5
27.40536775,27.0728281,33.63230306,30.59605076,74.47585337,26.3556169,1.024717179,22.5
26.91076818,25.74835273,30.34990819,28.05241501,86.4533202,23.50763458,1.092328564,20.5
23.69532642,24.49957563,34.54953867,32.98950664,41.04500025,33.66670517,0.935423482,22.5
26.56321386,25.64518462,33.25672199,28.77199923,75.15744104,21.92242672,1.072876117,24
23.98100023,24.23346008,30.8920164,27.08081754,52.92799808,37.23124997,0.979272888,25
22.5977786,23.9828533,32.80340262,28.23209174,80.99269311,42.51159924,0.887829961,24.5
21.8887131,22.98003526,30.19911913,27.8491666,59.590708,22.34395065,0.907275276,24
30.8196412,28.85402184,37.32866775,34.85145116,106.0591684,21.41205799,1.140886509,22
27.34735929,27.88697454,36.10581872,32.57576887,33.60437839,20.83308691,0.961674261,28.5
22.522589,22.42957189,27.25015395,24.74461496,56.81233156,34.37451062,1.008311347,20.5
29.88652878,27.18317873,35.79180001,32.59841787,51.0303364,28.26786937,1.208788921,27
27.88898335,28.00336839,36.03197166,30.86239178,98.03441521,19.46780745,0.991847308,29
26.48414416,26.36965833,35.99115805,30.59426344,54.30866037,16.8426415,1.008701998,28.5
25.29431422,26.17496107,35.76188632,31.48804942,88.71890844,30.64003048,0.933842704,27
23.59317851,23.52433672,25.78222926,23.78957593,51.74800087,24.85285211,1.005861378,21.5
21.23739595,22.01970897,28.68039689,26.7695754,69.3379675,30.28659949,0.930206519,22.5
22.21411492,23.32076963,32.2144444,30.63121285,81.66854205,41.73597306,0.907344625,22.5
29.79216291,27.5209672,33.66070623,30.2464134,71.8854842,39.35781111,1.17186257,26
18.4922655,20.04198724,27.50287273,27.67512828,47.98170124,22.89666115,0.85133145,21
22.80915481,22.41556367,30.06821744,27.39963314,27.73091746,32.27241493,1.035425979,24.5
27.96854402,26.33586105,33.31696017,31.24560757,31.23345747,34.81699828,1.127832675,20
22.58735431,22.79979612,30.75393138,28.66906925,42.26438318,13.72698586,0.981451406,21.5
19.6346268,22.13086516,30.55146642,28.0689901,38.77546181,15.97696378,0.78713372,25.5
19.4371031,20.2654978,25.30726397,22.78666386,52.73084378,40.383049,0.919916745,21.5
22.44129224,22.32928154,28.58235194,24.09833334,50.48370623,12.1606175,1.010057792,25.5
25.19842178,25.59190992,35.31448266,32.5410333,73.65742885,20.20811234,0.969485427,24.5
19.6592125,21.84951415,30.65786816,29.1124058,52.41851674,9.24590537,0.809559299,22.5
27.62311602,28.00550487,37.71030027,33.59463986,53.03786003,25.91838343,0.972878313,29
20.45152663,21.41038232,30.50389652,28.7578788,35.64208136,31.66270334,0.912436435,25.5
24.67215132,23.98699919,34.19825328,31.778045,47.07783385,28.76962739,1.057942829,28
24.21182687,24.40073792,36.33025005,33.68004771,62.58943183,41.08416604,0.984575894,24
23.4074523,23.53446781,31.01723811,26.66792682,57.59275655,20.8049373,0.989235129,24
24.12176789,25.51178453,35.04454267,31.46242831,69.553413,17.6477127,0.893998091,29
24.13743348,25.456575,35.4836256,31.83287402,68.37178587,42.6713437,0.899046668,28.5
27.25529603,26.4590515,34.49866006,28.70143759,41.5248286,16.39630579,1.061092546,32.5
26.64909572,26.45039673,34.14573864,31.42279354,77.18001673,24.13911158,1.015080705,24
21.5847352,22.25415805,28.36134151,26.47417362,50.47507305,28.44350509,0.940743257,22
28.39175331,26.84631249,35.29447926,31.19338771,83.80899167,38.56488592,1.118446317,24.5
27.70708162,27.72697031,38.80654601,31.61254692,63.81631344,38.43311571,0.998565905,31.5
26.92700469,26.06805069,36.76851094,30.95938167,56.82396817,32.79581643,1.066986633,31
18.95002402,20.62499627,27.31676517,25.23022843,57.11981705,27.40792972,0.844173611,20.5
29.54972241,29.37372949,40.4160201,36.03945442,75.95943333,26.06096126,1.012018913,30
27.31365192,25.89958308,34.57944871,30.78248622,72.87391904,34.95466495,1.112177219,27.5
26.83908882,26.50663593,33.91833707,28.59370336,74.37345381,17.76533741,1.025241811,33
20.36847854,22.55424214,30.65851887,28.14336021,77.86684894,18.51751064,0.815568986,22
27.00753048,26.07842173,33.80941338,31.37199417,50.62437566,28.58664994,1.072524301,23.5
28.83087232,27.33125879,33.68834121,29.35690379,63.57299202,19.94834302,1.112746653,27
20.70659569,22.0773148,30.97793247,29.6259205,56.77392906,30.76769244,0.879680383,23.5
24.59344091,24.14072005,30.12063085,28.33886836,42.4194804,32.04608266,1.037858514,22
22.39106408,23.23881957,33.14448868,31.94324177,69.94359083,10.14393298,0.928370513,22.5
25.67744056,28.26852201,39.17990991,35.97158363,111.2723593,32.53390986,0.82508228,26
28.01785599,27.78299831,40.20078809,35.61667265,46.38462485,34.46268495,1.016978033,30
21.25878789,22.87230022,31.07766397,27.62668268,54.80219598,25.18051589,0.863887742,24
19.48684142,19.81777999,25.08886998,22.83171576,24.64961008,5.726336739,0.966880712,22
26.71719382,25.48062134,31.70229973,30.74019139,56.50602374,33.51264893,1.099414991,20
21.61631283,22.43624174,30.58275807,25.52025801,46.44466956,24.93557603,0.928245841,26.5
21.2630667,22.16656653,27.78608902,25.93987456,32.62159582,21.58289265,0.920142193,21
22.13795001,23.7536015,31.19600502,29.77118974,65.09740529,21.2151605,0.868592094,22.5
25.832637,26.03704986,35.85840815,30.45453048,51.66604918,24.93546697,0.984359945,26
16.30020819,19.33124404,27.03222352,26.84970215,28.44217143,9.788759713,0.710995244,21
20.48013525,21.17461739,27.61249326,27.75549197,66.80221148,20.37098356,0.935479979,22
27.65069898,25.67256096,32.24469196,28.9897413,51.49350427,33.3943436,1.160042341,23.5
20.56290254,21.87808489,31.09198012,28.47067986,55.40476889,24.97516189,0.883385422,23
26.19316703,25.52952682,31.3047659,28.45578139,54.43496292,34.58136486,1.052665753,25.5
26.93180499,26.8970241,36.13790247,34.45839062,91.20057487,31.32639957,1.002587898,27
20.04770827,21.45229743,28.36887418,26.39470664,48.95339097,6.150001802,0.873336977,22.5
27.01359566,26.56284591,32.59887154,29.43766505,46.67635074,38.60286247,1.034226315,32.5
28.60506615,27.19113069,32.27341647,29.4455874,114.4043962,38.58915785,1.106703742,23.5
22.3980715,22.70007916,28.62690746,25.79582312,54.50119734,25.89390167,0.973568492,20
25.78344641,25.19013971,34.07201425,28.6917789,66.16953946,46.86989057,1.047661015,27.5
23.81522929,24.20043008,33.65902308,32.53259908,90.2826229,18.25273812,0.968419144,24
22.09728211,24.01230899,31.29043225,27.9093269,33.44522384,25.22824133,0.846856595,22.5
24.73861118,27.52385049,40.36709096,36.82182507,62.24040195,30.82642512,0.807852827,31
25.70222395,25.46210695,33.36831634,31.63243799,67.59752278,16.85995905,1.018949665,25.5
22.17006361,22.29393182,28.8254179,26.97695693,54.93191615,25.11032472,0.98891859,20
23.04995295,24.08174449,32.34587257,29.21773892,99.08772026,17.86183313,0.916144963,25.5
21.56848393,22.21641823,29.55608406,27.37009059,58.45845534,25.41247876,0.942521255,25
21.16863371,21.60708753,29.644532,27.06028857,42.68738334,16.12186642,0.959827512,22
20.85435919,23.8825886,36.39775065,33.51238668,87.43981215,9.184757689,0.762484297,26.5
21.98871877,21.57186553,25.68281371,23.89099893,43.70619383,7.407991875,1.039021276,20.5
24.45078863,23.963385,30.03665035,26.7659812,108.282064,40.46815008,1.041092726,23
25.15919262,26.00906767,34.32234458,33.2755933,47.51328354,16.94684453,0.935715516,22
20.82642681,21.74974008,28.9243894,26.71172448,27.60315147,33.77575961,0.916898762,20.5
29.78983299,29.10581458,39.04499687,37.08043359,45.34245725,39.83699343,1.047554484,26.5
21.3459387,22.02145137,29.52105189,26.51853943,59.39505116,15.51897266,0.939590546,22.5
30.64672118,29.02775614,37.31961119,28.63070858,52.14826581,33.29871784,1.114656628,31.5
22.05676051,23.76431888,34.33082609,27.59463326,58.52141576,23.63801884,0.861455232,28
25.58377213,24.98640916,30.33103965,28.35308441,69.57799483,41.85671151,1.0483866,21.5
24.56325111,25.70706942,36.64031059,30.79749737,88.64536911,34.80751595,0.912991124,28.5
23.01818191,24.59459927,33.58352962,29.55024112,56.94639952,30.14413109,0.87591615,25.5
23.18354088,23.88416445,30.65793272,27.95415389,95.54087403,26.73239385,0.942192037,21.5
21.43439495,21.16321765,26.87344281,24.50151348,45.90029879,13.53042513,1.025791417,23.5
25.81336685,24.38634961,29.54494293,26.75519553,73.61948328,26.9521724,1.120458345,26.5
23.97466546,24.87990422,31.25782504,28.53998636,52.07334482,27.9670964,0.928555151,21
22.27514817,21.66135775,26.70787883,24.95087434,46.41890195,18.04295764,1.057474376,21
25.77950763,25.72240105,32.84281617,31.64446502,98.75008101,25.97727885,1.00444515,22.5
27.77292283,27.51499402,34.4520942,32.09494672,56.14604119,10.44157463,1.01883611,25.5
19.709984,23.17859185,31.62204234,30.00070628,49.46418456,9.397188832,0.723100143,24
25.45048576,26.96115407,37.20036026,32.51423022,65.48037406,29.50187128,0.89107692,29
21.24347226,22.42085325,32.95264173,30.93641535,45.50840263,23.14380361,0.897732061,26.5
23.97673499,24.17333414,31.47871448,28.98499609,44.7414347,23.83579837,0.983800357,23
26.20544929,25.2353563,31.71168133,30.48400118,87.73114022,32.15036894,1.078361411,23
23.89259482,23.85892479,29.74212245,28.07497895,49.52739052,38.17581968,1.002824417,22.5
24.84160651,25.6324089,36.36255353,29.54510158,86.22400792,40.44301991,0.939248503,32
21.29564915,21.70425115,28.58071454,25.99469347,49.40120739,7.719784482,0.96270262,24
20.44438034,20.44422761,26.0598821,24.57514001,29.85808237,26.67607963,1.000014942,21
23.95059676,24.20858697,31.66234615,29.0119371,62.35523768,31.18020845,0.978799629,23.5
24.89948578,24.34012192,31.82859693,30.931403,47.89300452,7.779774099,1.046490422,21.5
25.13531137,25.55755202,35.65364575,31.59959825,104.6813911,34.82504192,0.96723061,25.5
22.50782345,23.66613152,35.62859575,31.45689554,65.82899666,22.93108459,0.904508083,29.5
22.57939725,25.44788971,35.58890512,32.47372061,59.22753339,28.24124494,0.787265357,24
23.95002614,24.57540124,31.13958607,29.80812611,62.88636094,17.38607912,0.949753164,19
26.20462353,27.69808559,35.97702095,31.392527,56.30796595,41.21552508,0.895068645,26.5
19.48213308,21.2326095,29.2954835,26.76340518,37.01561226,15.8334547,0.84191116,21.5
25.93954535,24.64198874,29.65090133,27.31540615,51.66463896,17.81779121,1.108085343,22
26.00391502,27.05766098,38.22581515,34.28812399,45.65260442,12.80900765,0.923627753,30
25.58037211,25.66464456,31.70392573,30.56814518,71.42015901,41.2994259,0.99344358,20
23.00258966,24.4683174,33.36293387,30.14571501,61.17820226,17.4242969,0.883782207,29
27.21400865,26.59654507,32.91610649,28.37562479,88.26768812,37.1139192,1.046970844,26
26.909127,26.96174609,34.68020857,31.35086259,75.72623032,34.33683708,0.996100569,25
19.07636792,21.41310531,30.40101451,28.15662206,69.09660809,35.88695533,0.79365558,23
22.58838477,22.53939774,29.73482596,27.48203618,19.24241332,15.4756867,1.004351515,24
19.56300161,21.38918662,30.838132,29.35846691,31.3136688,29.49311697,0.836531775,24
26.41491141,24.97163192,33.11672308,28.28776439,51.28065713,21.63916264,1.118933991,26.5
26.38036423,26.76040709,34.71780723,31.53713154,88.93401638,26.18144905,0.971798318,29
19.06117281,21.14591293,30.66834057,29.20644487,42.71030581,9.832099685,0.812543009,23
28.92202907,29.15407319,38.1256703,32.46816322,117.5320288,33.47612931,0.984144879,28
25.52644301,24.85392106,31.56200822,28.93401271,68.14634128,3.96900567,1.054850165,23
21.75057848,22.45118632,29.31965673,26.68139194,59.52046684,16.69286706,0.938562149,29.5
26.99923361,25.82313632,31.70536404,26.8260953,49.06330157,13.0889591,1.093162933,28
24.78159365,24.45830318,33.91511089,33.13495624,56.27357234,36.48754762,1.026610766,22.5
26.68408133,25.67868332,34.55317643,29.58264127,40.43791004,41.14192359,1.079838999,24
26.45836177,26.91133682,36.42147266,33.21843783,37.46494131,24.19136138,0.966619066,26
25.70464159,25.92491406,34.45812176,32.29519648,81.02894328,26.17284756,0.98307908,31
27.28874771,26.68856841,33.16017624,30.90589209,58.46209025,42.25584438,1.04548223,23.5
24.45170382,25.16204983,34.37289203,31.4042122,58.62804178,27.78876525,0.944335285,27.5
24.34225255,24.70583858,31.5371416,27.69925331,84.15665001,36.43262072,0.970783372,28
26.61110899,26.42612141,36.83668925,31.51667385,76.49124674,36.16034478,1.014049361,30.5
25.28410353,26.37018159,34.47788097,29.85396687,96.52093867,23.06936036,0.919324595,27
23.73397512,26.28468196,34.6707549,31.54366707,72.44883021,35.24943504,0.815333924,26
22.95836092,24.36303256,33.12788024,29.87868929,59.14715356,27.92269489,0.888012475,26
28.77298903,27.02976183,36.75953074,29.00259365,75.12814144,24.11410984,1.133145093,30
25.02224284,24.68501437,35.1872307,29.78220223,84.69065635,24.47665149,1.027509156,33
21.74907211,23.02841953,32.91368117,28.24902552,73.9461129,25.81605971,0.891976065,30
23.24769134,24.28568039,33.68148141,28.61423608,55.14972946,24.55324711,0.916345204,26.5
25.74888788,25.49776793,34.92479667,32.79093777,50.28146146,18.78582697,1.019794404,27
24.68104766,26.09409631,36.52041166,33.11346645,72.80924921,14.76600816,0.894628356,26.5
25.17687749,25.07258288,28.98698037,26.59318206,49.88005356,27.99631651,1.008336718,20
29.04890638,28.99378031,39.51997468,36.71187285,134.9974752,36.16902242,1.003806228,27.5
20.67454485,21.31959208,27.57036219,25.56990343,36.77864523,9.706879838,0.940403276,20.5
25.02526292,25.0245152,30.16340608,28.18401095,86.24569521,30.2467265,1.00005976,20.5
22.66176883,24.22727927,30.97226352,29.70776329,54.31491818,7.020072232,0.874940095,22.5
26.46354611,26.61838314,37.50431432,32.9074433,83.42793314,30.53659506,0.988399995,28
18.95459824,20.34801506,27.77703149,25.75246455,40.36010661,22.08955978,0.867730907,26
25.33232833,24.83044033,31.71845122,28.25760069,78.40905391,30.34002678,1.040833769,25.5
28.03804107,25.66738509,29.77577648,27.24039806,41.95228337,28.3716715,1.193251756,24.5
29.05798897,29.22484831,40.33669238,35.07985034,83.76356305,39.7975026,0.988613594,32
22.4230985,23.32482475,28.76425595,25.398405,61.06014823,31.1256046,0.924175542,20
19.762931,21.33061012,28.41586057,28.04406412,50.68760582,24.92894481,0.858412737,21
23.73781261,25.30906831,33.07489462,29.77565176,56.83416862,23.27148893,0.879688832,26.5
21.89219638,23.01455481,30.77950497,26.56271556,59.37273124,34.22131638,0.904843589,25
24.23390186,26.96899002,39.47420684,37.12260545,100.3335516,23.3461936,0.807453134,23.5
25.79350014,27.38216132,39.07915292,33.68543044,113.1326582,24.20390202,0.887329886,29.5
28.2611453,27.55570585,35.17771813,32.53179528,75.67173701,30.91576188,1.051856356,26
20.68961314,21.60628551,28.48441994,24.87632624,44.4722457,13.5464412,0.916947603,24.5
25.20644876,26.17026176,34.96121609,30.78196137,39.59423563,8.751205939,0.927699227,28.5
20.65505728,21.7187955,27.45086649,25.69984219,53.3183854,7.109096692,0.904443277,20.5
24.22401141,24.03071124,34.21519512,28.80169043,48.9497275,37.29642476,1.016152465,26.5
26.08525697,26.58562209,34.91798233,33.31435197,85.95485527,37.90439978,0.962712442,24.5
22.71299434,25.70081106,34.38771914,32.24687059,65.72137558,16.95376335,0.781007362,25.5
27.92968655,28.97468349,39.92059023,34.811583,75.84414786,35.32549248,0.929169022,31.5
25.71914266,25.08870057,27.76116754,25.6978017,58.86623403,17.37092274,1.050888496,19.5
22.79311884,23.68018092,29.46405492,29.16783781,107.9114823,20.62575294,0.926483048,20
23.4720845,24.1488288,33.69678731,32.1113518,49.40550782,27.17073985,0.944737544,22
29.4047292,27.43749992,33.89925316,30.31906278,60.92304704,40.02737931,1.148537807,27.5
30.09843312,29.9131725,38.41784024,31.73965147,115.1614652,30.37679858,1.012424915,30
27.7241407,26.5297551,31.97749125,25.91301894,81.4565137,34.48707543,1.092068064,24.5
18.15044357,21.68060277,34.07546787,29.34966263,42.91550117,27.0105998,0.700860818,29
24.05855412,24.670532,32.71504391,30.57246609,57.4511852,28.40893924,0.951003286,25
31.82624204,29.89465321,41.78699429,36.60354205,61.84454822,37.0401987,1.133401239,29
18.68502235,19.55135521,26.84233351,24.79969619,39.42610408,24.34409583,0.913342173,23.5
23.96339502,25.03609281,35.7643154,29.9883809,45.58545934,44.60398741,0.916143676,29
22.62645477,22.72135369,28.78698685,22.75679634,49.71216528,23.67471487,0.991664164,34.5
24.31662914,23.95902686,28.91167866,26.09085828,63.98593899,29.06647538,1.030073925,21
24.81222533,24.12464521,32.13513764,28.83738578,67.18767901,31.50798025,1.057814615,22.5
25.8129009,26.99800717,36.30142459,34.42100037,39.21270008,27.94755951,0.914134735,23
30.83288555,28.50971274,34.2621311,32.69059436,65.55167354,22.33037809,1.169614272,21.5
18.60767628,20.40112505,28.41748387,27.56584572,41.52051699,26.54108242,0.831909432,21
21.35555943,23.026631,33.12565387,29.36974104,56.60519431,23.89459253,0.860124073,26
18.5578082,20.72219756,29.04698643,26.9016027,34.45966304,22.21939169,0.80201362,24
19.8717253,20.68899539,28.87538362,26.41465115,29.77763156,17.24075746,0.922555164,21.5
32.16398634,29.26827188,36.25175513,33.75935481,78.51914174,30.08786189,1.207662488,25
24.71204602,24.521597,32.02598173,25.7654815,49.24132478,18.63199284,1.015593487,24.5
25.04001111,26.05405448,37.26705063,32.07179113,99.66419412,36.23366952,0.923673322,26
27.0849457,26.88260436,36.78969253,33.02493483,51.21803071,39.20663587,1.015110354,28
22.26381812,23.20633145,31.54979036,26.79216483,44.42210655,27.76326878,0.920420556,27
25.05006022,26.07412413,38.67622508,36.07682735,59.82885689,16.77335677,0.922992328,32
25.81226056,25.8752992,31.07261528,29.82117139,77.57640271,26.36177945,0.99513344,20.5
22.37231741,22.46149515,27.78784854,25.18202176,65.58643621,28.76862037,0.992075264,20.5
31.89491587,29.49446267,37.10038024,33.87092609,83.79477912,31.4973258,1.169396917,25.5
19.6366883,21.46910123,28.93317618,27.63700706,64.62949311,17.04572071,0.83658248,21.5
28.0910699,27.89726594,36.8650407,30.56096613,90.03981471,28.97570664,1.01394238,30.5
23.00752805,23.07905361,28.6199335,27.05967957,69.45682262,27.90500157,0.993811295,24
28.69449316,28.66903915,35.73735586,34.02202625,69.65336789,27.38790012,1.001776503,22.5
24.19423269,24.46897222,31.94322243,29.14679896,40.55627858,8.940855197,0.977669914,23
24.79090827,26.75527206,34.00709277,30.31650567,102.8120067,22.36358195,0.85855107,22.5
25.09955922,25.32607836,33.70648565,30.4094845,104.1979336,31.8117483,0.982191784,26
23.65820484,24.06916443,34.96751834,32.10075384,63.32995581,20.29860888,0.966143303,26
29.22967927,29.18336333,38.17967131,31.013232,123.5542269,32.71464031,1.003176652,31
24.02015792,23.90061502,30.97985148,25.76169709,48.40736138,36.08816683,1.010028349,26.5
23.42790353,22.73785078,30.55421618,27.98096886,45.33421853,27.15059972,1.061617405,26.5
